{"00_RFDN_baseline": {"valid_runtime": [434.6895446777344, 170.40591430664062, 193.2355194091797, 151.20179748535156, 189.89193725585938, 169.74099731445312, 141.33372497558594, 169.37747192382812, 169.7248992919922, 189.2223663330078, 169.86611938476562, 189.96243286132812, 184.1614990234375, 169.93565368652344, 169.76792907714844, 169.87709045410156, 189.60220336914062, 191.1038360595703, 168.7566680908203, 169.98748779296875, 169.7978515625, 227.04541015625, 158.13075256347656, 168.4944610595703, 171.3609619140625, 202.4800567626953, 200.99594116210938, 169.4318389892578, 169.63101196289062, 121.45318603515625, 170.83941650390625, 169.72396850585938, 276.7076110839844, 172.91497802734375, 1021.0361328125, 203.16249084472656, 188.27516174316406, 168.92803955078125, 193.64031982421875, 169.83705139160156, 169.24838256835938, 169.6002197265625, 168.81753540039062, 166.98851013183594, 167.88864135742188, 172.01702880859375, 167.80934143066406, 200.5716552734375, 184.3560028076172, 177.56451416015625, 167.66073608398438, 150.73414611816406, 187.36473083496094, 162.7709503173828, 2198.29638671875, 167.40733337402344, 179.30224609375, 168.27491760253906, 168.1130828857422, 200.83984375, 168.07781982421875, 168.70742797851562, 194.33999633789062, 168.15309143066406, 200.5994873046875, 167.2528076171875, 167.73960876464844, 169.1418914794922, 167.93011474609375, 238.3560333251953, 168.3278350830078, 170.0735626220703, 168.76502990722656, 168.63548278808594, 201.84329223632812, 168.0944366455078, 143.8057861328125, 800.6038208007812, 897.5780639648438, 168.28781127929688, 157.52525329589844, 171.92959594726562, 178.94735717773438, 171.34921264648438, 207.3667449951172, 305.7369384765625, 205.49066162109375, 241.82208251953125, 242.17059326171875, 304.61444091796875, 1014.793701171875, 194.6634521484375, 206.44866943359375, 200.1612091064453, 177.5762939453125, 202.49314880371094, 201.6763458251953, 192.26416015625, 202.52671813964844, 192.67794799804688], "valid_psnr": [26.92778951336891, 25.73146188124249, 29.92116240392643, 25.6393505576991, 25.996691970108188, 26.41483454486215, 20.76236695106371, 24.95223768718848, 28.268909685876316, 27.17857861285691, 25.707989829820388, 26.961984687361532, 26.440046934594285, 28.83411632430719, 28.047325136967945, 28.102662406868504, 26.99167599383152, 25.591181984742775, 25.886596725979835, 23.776461493643303, 24.53694572125397, 25.540423870815307, 25.17958227139323, 26.937713696840916, 25.97672511224729, 24.071201847367448, 26.715118874556364, 20.677810323716944, 25.522589306400288, 25.8280711150933, 26.058555569618918, 26.27114812141854, 28.402193164684295, 23.796333541200138, 23.35677533504704, 25.236736740630676, 24.633968522647173, 29.468916463094146, 23.884950689845247, 25.76791992855543, 26.598153065305144, 26.80481334247746, 26.321768258622903, 27.32144716125097, 23.115906163725278, 23.207127664180618, 24.416314377422527, 24.831873093746673, 22.28017251631607, 26.43366844504973, 24.852929104818926, 22.46165773710676, 26.205557596431248, 25.197887763900482, 27.238688094195908, 22.44766241207564, 31.85276957037977, 23.322101295743135, 25.019995389858536, 22.328494778405187, 21.726459553124947, 30.223546261060964, 28.163673616738162, 27.53735426158048, 27.09817635583624, 25.644052368250637, 26.502492032889258, 28.04065178112061, 25.1036633588175, 26.342368834804017, 28.53436200374995, 24.208264485374933, 24.52484102496433, 27.201544882789825, 23.636407775208717, 21.617979205012794, 29.062696348501827, 28.517380826707438, 26.99113977065297, 30.06937417749963, 26.85378073530525, 28.436734928143768, 25.229785152295634, 24.688162948855883, 23.94112466639673, 28.84622552119922, 24.307767695581013, 26.215102211814134, 25.16024716969602, 26.006489606347568, 25.201529447609868, 25.897629142962536, 27.90710627557666, 26.82373082729201, 22.538212518829855, 26.470243756361008, 21.670200084060735, 29.973746422746416, 25.90677043710262, 23.295966616719802], "valid_memory": 2544.92919921875, "valid_ave_runtime": 235.79905868530273, "valid_ave_psnr": 25.843730784633316, "activations": 21.168128, "num_conv": 25, "flops": 13.91067136, "num_parameters": 4.689638}, "YourModelName": {"valid_runtime": [1297.0804443359375, 736.5057373046875, 861.393798828125, 738.6199951171875, 892.964599609375, 748.4785766601562, 623.6134033203125, 741.759033203125, 742.9541015625, 866.8806762695312, 749.8568115234375, 873.0433959960938, 878.0814819335938, 750.5191650390625, 747.6221313476562, 761.6821899414062, 883.8375854492188, 888.1137084960938, 783.6222534179688, 748.1034545898438, 747.9714965820312, 916.6915283203125, 747.7666625976562, 745.6610717773438, 761.5370483398438, 872.1661987304688, 916.2390747070312, 744.9157104492188, 746.595947265625, 498.32177734375, 746.6546020507812, 747.797119140625, 871.4353637695312, 746.5165405273438, 995.4549560546875, 874.0294189453125, 747.6904907226562, 748.592529296875, 748.7613525390625, 748.665283203125, 747.1361083984375, 748.7655029296875, 750.85693359375, 750.2860717773438, 759.1119384765625, 755.0996704101562, 751.5062866210938, 877.1723022460938, 753.127197265625, 752.872802734375, 754.761474609375, 626.6182861328125, 753.1319580078125, 629.3780517578125, 1138.67138671875, 752.852783203125, 881.3713989257812, 757.3677978515625, 757.6875, 885.0458374023438, 761.1065063476562, 759.2645263671875, 889.1514282226562, 758.9852905273438, 893.9551391601562, 763.8683471679688, 763.1834106445312, 760.3138427734375, 762.2481689453125, 896.6060180664062, 763.83154296875, 762.4472045898438, 768.0534057617188, 766.2340087890625, 892.4973754882812, 762.9263916015625, 640.2943115234375, 1025.903076171875, 1157.806396484375, 766.5919189453125, 768.1141967773438, 766.5367431640625, 774.4107055664062, 769.2181396484375, 768.591064453125, 770.1018676757812, 769.0570068359375, 769.4801025390625, 777.241943359375, 769.5957641601562, 1070.2545166015625, 775.4083251953125, 772.5009765625, 777.3091430664062, 774.9813232421875, 798.1215209960938, 777.7252197265625, 779.6329345703125, 776.345458984375, 640.8258056640625],